Fecha;Ahuyama;Ajo;Arverja;Cebolla Cabezona;Cebolla junca;Cilantro;Cebada;Maiz;Frijol;Habichuela;Lechuga;Perejil;Pimenton;Repollo blanco;Tomate;Banano;Lulo;Mora;Papaya;Patilla;Pinna;Arracacha;Papa;Plátano;Yuca
04/01/2013;676;3243;2158;933;920;5569;1760;2040;1481;961;1186;5986;1533;507;1085;722;1749;1497;1063;600;625;1130;814;1291;1240
11/01/2013;652;3268;1921;823;665;7317;1680;1920;1578;1228;1146;5979;1106;510;913;819;1732;1638;1093;600;632;1149;799;1163;1108
12/01/2013;614;3298;1761;718;724;6250;1840;1947;1630;1484;1029;5823;1029;513;1167;762;1576;1843;1041;607;579;1067;781;1103;856
19/01/2013;636;3384;1750;700;604;3854;1653;1947;1599;1624;1013;4750;1274;530;1324;799;1650;1970;1034;663;635;1075;783;1158;836
26/01/2013;619;3400;1905;625;646;4333;1653;1920;1451;1272;876;4000;1393;488;1057;967;1599;2067;1073;698;626;1013;787;1075;846
02/02/2013;620;3332;1892;630;657;6833;1707;1893;1719;1391;904;4698;1910;492;1051;1152;1881;2304;1200;727;716;979;735;1140;833
09/02/2013;632;3384;1711;633;622;7719;1653;1960;1667;1604;919;4250;2234;480;1011;1156;1992;2527;1206;719;684;1048;723;1180;866
16/02/2013;600;3393;1893;575;668;9619;1667;1920;1830;1951;1098;5177;2378;480;1152;1177;1965;2937;1295;703;702;925;719;1520;804
23/02/2013;581;3450;1975;506;623;;1808;2028;1773;1820;1172;;1843;481;826;1227;1978;2480;1249;688;686;1016;715;1631;878
02/03/2013;600;3520;3520;575;689;;1747;1960;2368;1624;1496;6156;1880;477;958;1163;2189;1703;1200;625;730;1089;818;1680;847
09/03/2013;600;3496;2417;528;622;;1806;2057;1950;1813;1694;1769;1769;484;934;1124;2202;2058;1200;600;653;997;928;1480;858
16/03/2013;594;3461;2107;500;612;3760;1656;1947;2425;1481;1634;5417;1894;477;1521;1099;2248;2388;1200;658;612;921;904;1314;833
23/03/2013;591;3460;2406;500;664;4000;1656;1948;2467;1388;1531;5792;2230;477;1830;1150;1863;2935;1163;676;572;1107;879;1360;833
05/04/2013;542;3560;2250;550;651;4000;1709;1947;2338;1423;1464;6000;2470;500;1942;1117;2095;3105;1099;713;632;1099;880;1313;833
06/04/2013;543;3600;2053;533;778;3302;1709;1947;1943;1324;1255;5767;2380;510;1761;1129;2158;3610;1053;972;645;952;868;1253;804
13/04/2013;564;3547;2325;408;668;3685;1707;1947;1771;1310;1181;5019;1646;510;1962;1086;2417;3361;1042;977;683;946;860;1228;830
20/04/2013;544;3500;2128;416;633;3052;1813;1947;1850;1240;1093;4615;1831;605;2253;1106;2565;3468;1008;917;706;1063;953;1129;830
27/04/2013;511;3500;2171;408;595;2750;1813;1947;1958;1110;1030;4604;1761;558;2364;1097;2521;3683;1000;1180;689;1078;1041;1221;820
04/05/2013;500;3428;2233;540;680;2713;1760;1940;2186;1332;1113;4648;2262;570;2298;1097;2623;3606;917;825;742;1104;1119;1161;781
11/05/2013;500;3371;2450;470;626;7806;1763;1960;1771;1290;1023;4229;2137;690;1455;1101;2519;2750;900;762;730;1138;1148;1180;833
25/05/2013;500;3698;2783;407;763;10354;1707;1909;1660;1510;1062;4000;1904;772;920;1108;2544;1713;927;740;668;1060;1000;1154;786
28/05/2013;500;3545;2336;404;639;8792;1763;1947;1406;1141;1087;4000;1972;675;1027;1108;2560;2476;946;720;689;1051;1066;1132;817
05/06/2013;500;3756;2933;625;807;7427;1760;1920;1518;1795;1082;4750;1726;755;1187;1096;2538;1458;975;729;693;1100;976;1231;833
08/06/2013;511;3741;3092;628;848;5542;1760;1947;1504;1864;1082;4229;1694;912;1149;1144;2670;1365;1098;730;669;1069;999;1207;733
15/06/2013;535;3745;3378;675;880;3323;1680;1876;1467;1416;1092;4500;1748;843;1055;1176;2568;1456;1182;864;666;1112;978;1228;714
22/06/2013;519;4938;3025;733;849;3000;1680;1845;1465;935;1008;4000;1840;767;883;1160;2448;1738;1200;950;634;1013;979;1189;678
29/06/2013;519;5500;2707;1007;937;3000;1680;1845;1272;629;1000;3854;1802;772;1144;1146;2496;1841;1221;939;714;1024;983;1250;769
06/07/2013;521;5684;2572;1173;859;4563;1707;1904;1227;911;972;3917;1667;759;1499;1113;2412;2238;1244;951;720;979;985;1186;738
13/07/2013;522;5585;2986;1010;984;5010;1656;1903;1214;1194;985;4000;1559;712;1270;1106;2237;2675;1242;916;675;920;975;1199;693
20/07/2013;505;5310;2925;975;903;6406;1707;1903;1138;1140;960;3896;1386;648;1366;1092;2017;2710;1255;817;674;1130;926;1226;682
27/07/2013;505;4543;2458;845;850;7625;1709;1903;1357;1102;994;3375;1045;648;1238;1097;1972;2666;1235;759;647;1070;928;1231;696
03/08/2013;500;3700;2567;953;895;6573;1656;1903;1247;1180;988;3146;1312;630;1253;1097;2063;1952;1200;711;671;1080;952;1244;711
10/08/2013;514;3429;2221;838;902;4500;1823;1903;1181;1044;958;3050;1109;760;1156;1100;2068;1816;1200;750;702;867;967;1228;711
20/08/2013;565;3301;2575;1210;1227;7469;1823;1903;1433;1263;1168;3906;1195;1242;1080;1100;2350;1767;1146;742;707;1149;1015;2073;798
30/08/2013;682;2866;;1348;1688;9094;1823;1903;1454;967;1616;4708;1089;1120;872;1250;2463;1624;1129;923;689;1065;1160;1481;730
06/09/2013;677;2532;4442;1210;947;9094;1849;1903;1662;1019;1036;4000;1327;700;946;1241;2520;1649;1118;933;729;989;990;1575;712
07/09/2013;615;2445;2086;1041;726;7542;1709;1769;1599;903;896;3250;1367;512;1045;1163;2323;1700;1085;892;684;1061;953;1449;725
14/09/2013;627;2440;2183;900;747;6677;1709;1769;1607;1124;858;3444;1401;454;1040;1165;2140;1563;1133;806;703;968;855;1416;708
23/09/2013;624;2448;1954;888;669;4927;1656;1773;1602;924;851;3569;1390;490;1064;1117;1968;1710;1210;761;689;1093;831;1306;704
04/10/2013;680;2447;1658;800;646;3677;1656;1836;1763;735;833;3802;1227;562;1160;1103;1766;1698;1283;675;676;941;791;1380;705
05/10/2013;717;2452;1669;808;542;4996;1923;1836;1967;1106;833;3738;1124;558;1528;1122;1908;2149;1142;658;681;890;802;1401;686
12/10/2013;722;2478;1496;830;548;3250;1736;1823;1581;1363;833;4750;1060;488;1508;1138;2163;2095;1043;664;567;888;745;1466;689
19/10/2013;749;2497;1317;900;547;4656;1736;1823;1633;817;833;4156;1266;480;1821;1150;2330;2273;1022;670;612;836;744;1419;665
26/10/2013;744;2478;1163;900;508;6604;1656;1875;1433;583;833;3033;1301;480;1376;1156;2373;2398;1000;671;645;829;683;1356;661
02/11/2013;723;2688;1306;1085;527;5917;1656;1875;1395;653;855;4000;1205;480;1182;1158;2497;2307;1000;643;661;880;663;1318;677
09/11/2013;720;2775;1217;900;418;6000;1656;1875;1194;1078;911;4000;1013;452;910;1163;2578;1888;1000;620;745;778;675;1217;624
16/11/2013;766;2772;1588;875;461;6000;1760;1823;1292;1144;833;4250;1029;440;735;1146;2575;1699;1000;584;673;865;678;1238;671
26/11/2013;734;2644;1888;825;515;4000;1656;1947;1296;1089;852;4000;988;452;674;1100;2502;1607;1000;587;631;760;672;1146;631
29/11/2013;725;2434;2139;888;587;3000;1656;1901;1580;1137;1006;4156;988;420;952;1100;2439;1692;1088;582;632;787;627;1160;663
13/12/2013;759;2341;2550;920;632;3535;1677;1901;1197;1407;1059;4125;1070;500;882;1100;2462;1685;1146;643;654;782;642;1208;669
14/12/2013;773;2431;2700;985;667;3894;1656;1929;1066;1307;1180;4619;1293;559;688;1100;2510;1670;1307;663;670;712;650;1148;612
21/12/2013;723;2451;3167;1100;914;4833;1656;1929;1073;1384;1148;6931;1374;680;727;1100;2500;1566;1345;723;703;841;780;1270;660
21/12/2013;723;2451;3167;1100;914;4833;1656;1929;1073;1384;1148;6931;1374;680;727;1100;2500;1566;1345;723;703;841;780;1270;660
03/01/2014;717;2450;3250;1106;1144;5094;1656;1929;1380;1038;1260;7333;1635;896;840;1100;2567;1615;1423;722;720;1120;808;1168;670
04/01/2014;717;2425;2975;1069;1030;4010;1656;1929;1296;1046;1120;6000;1183;920;965;1100;2682;1575;1514;723;690;939;765;1124;753
11/01/2014;700;2450;2550;950;1132;4438;1656;1935;1629;1724;958;6000;1169;897;1363;1097;2561;1704;1502;721;679;688;733;1152;684
18/01/2014;619;2350;2658;799;1177;4000;1656;1902;1565;1758;889;6394;1266;678;1541;1100;2627;1870;1450;719;660;688;734;1176;618
25/01/2014;619;2424;2300;706;1113;5375;1656;1928;1517;1500;917;5906;1351;672;1429;1100;2726;2184;1351;739;698;627;720;1200;600
01/02/2014;620;2422;2008;717;1152;6719;1653;1903;1555;1936;931;6688;1484;658;1589;1100;3175;2293;1365;750;724;784;729;1175;673
15/02/2014;578;2541;1888;706;1105;5781;1656;1929;1264;1028;1138;7396;1623;638;1141;1097;3063;1814;1467;759;682;652;728;1193;628
18/02/2014;577;2491;1938;763;1145;6750;1656;1903;1454;1511;1091;6354;1515;648;1197;1100;3035;2042;1419;750;648;717;731;1190;596
22/02/2014;574;2529;1900;850;1041;4635;1656;1903;1131;1036;994;5917;1711;668;1020;1100;3260;1914;1515;753;702;773;731;1155;625
01/03/2014;577;2570;2167;968;1073;5688;1656;1929;1642;1613;979;5479;1928;640;1447;1100;3185;2217;1607;732;731;657;880;1160;598
08/03/2014;580;2594;1933;928;1076;6571;1656;1903;1633;2140;1044;5438;2756;640;1277;1100;3234;2662;1614;726;669;672;1008;1219;601
15/03/2014;537;2594;2050;922;1020;7594;1656;1903;1753;1876;1158;5500;2787;557;1103;1100;3191;2644;1544;732;706;627;1095;1163;602
22/03/2014;586;2584;2242;975;1086;7573;1656;1903;2056;1097;1159;6429;2300;640;888;1100;3165;2094;1446;872;696;669;1100;1175;645
29/03/2014;595;2563;2630;1106;1114;8146;1656;1849;2073;1077;1168;8405;1886;640;1334;1100;3098;2070;1525;920;743;797;1200;1103;597
05/04/2014;600;2578;2417;1464;1098;6292;1656;1925;2155;830;1059;7448;1747;672;1341;1100;3009;1931;1600;914;673;727;1300;1114;622
16/04/2014;600;2596;2600;1547;1048;4833;1656;1925;1726;865;1059;6736;1793;747;1396;1100;2989;2065;1560;883;707;982;;1124;647
19/04/2014;676;2601;2563;1686;737;2264;1656;1925;1447;1143;1084;6472;1875;618;1961;1111;3186;2620;1483;871;725;993;;1093;740
02/05/2014;670;2633;2672;1678;1115;4750;1656;1925;1785;1255;1073;4500;1857;762;2105;1100;3206;3165;1381;831;660;830;;1270;610
03/05/2014;600;2644;2733;1576;877;8750;1656;1925;1868;1743;1025;4000;1824;780;1645;1100;3494;3765;1342;864;708;773;;1611;647
10/05/2014;600;2637;2608;1414;715;10286;1653;1925;1950;1164;980;3896;1656;638;1419;1100;3447;3298;1296;875;561;697;1270;1212;607
17/05/2014;600;2684;2920;1270;802;8792;1653;1845;1776;1026;901;4000;1501;572;1476;1100;3294;2920;1242;871;634;773;;1138;645
24/05/2014;610;2685;2950;1420;791;7229;1656;1903;1743;704;944;4000;1378;480;1448;1100;3183;2386;1242;871;657;636;;1060;624
06/06/2014;623;2613;3125;1575;741;5969;1656;1903;1933;710;929;4000;1337;442;1648;1100;2970;1988;1266;872;651;673;1300;1048;684
07/06/2014;600;2559;3094;1634;730;5531;1656;1893;2144;886;965;4240;1223;578;1934;1100;3207;1860;1342;821;624;572;1320;1016;657
16/06/2014;600;2615;3025;1516;785;5823;1656;1893;1763;861;965;5219;1047;598;2264;1100;3258;1880;1342;800;643;691;1238;1090;663
21/06/2014;600;2639;3130;1666;1070;4917;1629;1893;1533;918;944;4406;1234;628;2216;1100;3375;1848;1423;777;652;682;1200;1100;711
28/06/2014;600;2626;2994;1791;872;5542;1656;1893;1359;1305;898;4000;1375;603;2716;1100;3223;1888;1446;772;666;718;;1173;727
11/07/2014;663;2642;2153;1750;1150;6625;1656;1893;1341;1666;956;4000;1351;662;2604;1100;3078;2071;1471;771;693;642;;1153;691
19/07/2014;663;2632;2283;1571;1080;5604;1656;1893;1483;1144;919;4000;1240;640;2181;1100;2472;2043;1600;818;704;739;1250;1234;662
26/07/2014;676;2546;2143;1522;1022;5958;1656;1893;1634;1555;926;4000;1049;720;2132;1100;2297;2360;1617;916;694;720;1191;1232;655
02/08/2014;666;2533;2117;1645;1209;5667;1656;1867;1906;1800;982;4063;1352;780;2426;1122;2550;2306;1526;1142;690;690;1085;1280;709
11/08/2014;650;2538;1900;1553;1064;6583;1656;1907;1900;1439;990;4000;1536;776;2235;1173;2575;1954;1504;1184;558;677;1088;1450;649
22/08/2014;660;2539;2030;1477;1234;7313;1656;1907;1917;1671;1059;4000;2111;748;2122;1173;2460;1977;1508;1144;639;649;1075;1720;670
23/08/2014;622;2540;1967;1452;1184;7885;1656;1933;1981;1966;993;4000;2188;730;1818;1150;2380;1867;1470;1014;656;716;1073;1693;622
30/08/2014;676;2546;2280;1400;1246;8286;1653;1907;2036;2518;938;4000;2119;640;1994;1150;2460;1949;1452;963;719;736;1018;1787;742
06/09/2014;767;2531;2317;1325;1181;10286;1656;1907;1914;2422;994;3913;2246;640;1450;1183;2469;1817;1697;942;709;680;1000;1603;726
13/09/2014;820;3813;2600;1139;1172;5000;1656;1853;2067;2355;983;4000;2282;660;1196;1150;2420;1920;1700;950;738;693;970;1700;690
26/09/2014;725;4111;2217;1040;1048;4000;1656;1907;2244;2363;1017;4000;2146;640;1722;1150;2400;1885;1654;948;750;661;904;1596;676
27/09/2014;710;3977;1839;993;1297;4177;1653;1907;2300;2583;1083;4000;2063;632;1491;1147;2400;2234;1600;900;667;709;923;1720;679
04/10/2014;700;3506;1917;947;1116;5000;1656;1907;2935;1992;919;4000;1911;572;1323;1200;2575;2517;1377;855;695;772;958;1760;670
11/10/2014;700;3316;2175;995;1113;3750;1656;1907;2938;1458;949;4000;1887;542;1381;1250;2515;2830;1273;852;710;787;1045;1760;747
24/10/2014;663;3248;2100;863;1053;5726;1656;1907;3181;1550;982;4000;2048;480;1563;1250;2543;3210;1145;800;771;768;990;1647;634
25/10/2014;613;3250;2060;753;938;6125;1656;1907;2914;1500;982;4750;1950;560;1207;1250;2625;2566;963;713;783;727;938;1540;664
01/11/2014;600;3133;2200;755;992;6250;1653;1907;2913;1689;995;5604;1839;747;1101;1250;2580;2395;932;690;738;780;1000;1502;746
08/11/2014;678;3125;2160;709;720;5250;1709;1947;3083;1367;1071;5354;1856;673;902;1256;2544;2400;889;637;728;760;993;1426;645
15/11/2014;700;3129;2304;600;859;5698;1709;1933;3238;1319;1009;5635;1929;640;1014;1203;2395;2743;925;625;700;820;1025;1377;721
22/11/2014;700;3152;2314;500;868;5250;1656;1947;2920;1266;1016;5875;2441;517;937;1248;2225;2397;1200;600;738;716;1000;1380;673
29/11/2014;748;3213;2674;500;923;6219;1656;1933;2586;1428;1052;6000;2623;468;1087;1250;2135;2286;1325;575;648;723;1030;1400;693
06/12/2014;689;3229;2567;575;863;6354;1656;1920;2418;856;1114;6000;3107;513;1338;1271;2073;2130;1331;597;670;763;1148;1380;744
13/12/2014;629;3431;2517;562;718;5615;1653;1928;1948;553;1058;5406;3042;498;1592;1252;2135;2053;1352;665;685;723;1159;1419;677
20/12/2014;581;3500;2733;480;965;5813;1653;1920;1817;833;1188;5792;3153;518;2144;1250;2020;1880;1350;633;772;813;1157;1280;794
03/01/2015;650;3500;2767;587;1113;5750;1656;1940;1610;1110;1244;5250;2582;740;1642;1163;2000;1987;1400;639;750;1067;1210;1270;1164
10/01/2015;633;3744;2600;600;907;6000;1684;1940;2300;914;1201;5177;2083;732;2031;1058;1861;2033;1406;689;681;760;1233;1342;890
17/01/2015;600;3953;2720;650;1016;5833;1656;1827;2207;1429;1177;4375;1748;720;2216;1175;1918;1980;1400;775;683;807;1265;1500;911
24/01/2015;600;4000;2733;745;888;5729;1656;1960;2025;1809;1143;4000;1679;640;2549;1150;1695;1796;1350;775;658;810;1320;1600;863
31/01/2015;585;3802;2900;726;844;6731;1656;1960;2233;2096;1023;3750;1865;640;2224;1150;1880;1856;1300;775;642;877;1450;1580;912
07/02/2015;581;3849;2850;850;859;6073;1653;1960;2262;1450;953;3617;2013;623;1624;1225;1860;2126;1250;776;632;780;1500;1512;851
14/02/2015;578;3780;2900;815;842;7792;1659;1960;2440;1540;953;3652;1567;580;1565;1225;1885;2533;1100;738;667;759;1513;1403;978
21/02/2015;590;5193;3000;800;929;9521;1653;1960;2665;1188;962;3250;1282;603;1217;1150;1897;2060;1100;725;690;780;1498;1330;992
28/02/2015;586;5552;2940;875;917;10875;1653;1960;3050;1126;960;3625;1095;723;1145;1221;1830;2090;1100;724;699;758;;1567;1569
07/03/2015;541;5581;3888;964;942;6104;1656;1933;3014;1122;1038;3906;1206;613;1080;1248;1822;2130;1103;725;708;733;;1535;1369
14/03/2015;520;5954;4600;1150;1161;3688;1656;1933;3181;1394;1171;3927;1583;760;1297;1254;2072;2380;1113;731;725;1053;1700;1364;1143
21/03/2015;521;5635;3083;1050;897;3375;1653;1933;3011;1134;977;4208;1432;657;1557;1250;1820;3000;1100;725;717;930;1775;1464;1161
28/03/2015;519;5638;3725;868;1032;3500;1709;1933;2350;907;978;4097;1700;591;1591;1250;1840;3312;1100;725;700;809;;1584;1226
04/04/2015;519;5790;3467;1057;869;4333;1680;1880;2440;770;1097;4139;1948;800;1250;1250;2040;4224;1050;725;633;973;;1310;1194
13/04/2015;521;5915;3080;987;877;6177;1680;1880;2333;785;1000;4604;1639;720;1123;1250;1760;3669;950;638;546;873;;1373;1024
18/04/2015;525;5900;3340;953;785;4573;1813;1880;2530;908;898;4000;1303;565;1159;1250;1915;3480;950;625;613;857;1500;1430;1183
25/04/2015;522;5900;3200;900;729;3458;1813;1867;2950;1150;905;4000;1272;453;1203;1250;1948;3232;953;640;560;819;1313;1349;1071
01/05/2015;523;5764;3388;914;849;4000;1709;1933;2720;1240;992;4967;1190;480;909;1217;2040;2884;850;624;580;1013;1408;1316;1081
09/05/2015;500;5094;2920;900;822;3750;1709;1933;2567;990;1076;5465;1390;636;955;1250;2353;2960;900;724;552;1173;1375;1068;1119
16/05/2015;500;5000;2730;1046;792;4063;1709;1933;2875;929;1016;6802;1333;752;944;1225;2455;2505;900;838;590;1060;1390;1150;1131
23/05/2015;500;4849;2094;1471;865;6927;1603;1880;2119;1721;1015;6635;1100;732;1184;1225;2535;2365;973;931;579;1193;1425;1068;1131
30/05/2015;500;4449;2200;1775;803;8104;1603;1880;1775;2256;952;7000;1364;618;1223;1250;2360;2260;975;925;563;1587;1350;1347;1321
06/06/2015;500;4398;2367;1800;810;8500;1603;1880;1469;1964;916;6000;1688;603;1193;1219;2179;1940;1025;944;474;1301;1250;1398;1104
13/06/2015;500;4410;2413;1725;689;7857;1603;1867;1788;1375;919;6823;1746;535;916;1225;2040;1720;1000;950;533;1247;1160;1383;1250
20/06/2015;500;4392;2333;1997;829;10200;1603;1880;1700;1206;962;6000;1512;517;1073;1215;1788;1485;973;888;516;1707;1115;1562;1243
27/06/2015;500;4461;2600;2000;866;6625;1603;1867;2200;1275;1006;8917;1416;520;1324;1250;1840;1440;947;843;571;1973;1007;1563;1184
04/07/2015;563;4546;2933;1667;820;4250;1653;2013;2667;1549;961;9292;1541;480;1747;1250;2057;1667;899;878;599;1778;900;1505;1399
11/07/2015;531;4908;2600;1588;883;3292;1656;1960;2140;1614;986;9464;1670;600;2137;1150;1705;2036;850;1038;571;1947;835;1310;1357
18/07/2015;568;4740;2558;1889;1051;4323;1656;1960;2620;2011;992;8344;1677;528;2473;1050;1740;2094;975;1088;608;1960;798;1273;1393
25/07/2015;604;4823;2456;2043;1056;6450;1656;2053;2360;2516;958;7896;1765;760;2273;1045;1549;2483;1077;1048;578;1840;778;1432;1195
01/08/2015;622;5308;2594;1967;970;9236;1653;2133;2492;2667;987;7931;1919;896;1818;1182;1725;2252;1293;1064;595;1751;800;1327;1258
08/08/2015;623;5350;2660;1850;968;9905;1656;2093;2343;1906;1037;7342;1879;840;1458;1250;1800;2377;1350;1050;642;1920;750;1352;1398
15/08/2015;639;5247;2720;1775;1104;7021;1656;2093;2486;1790;1133;5229;1897;928;1281;1247;1850;2097;1273;975;711;1973;707;1323;1220
22/08/2015;657;5394;2588;1773;969;6167;1723;2053;2575;2146;1185;4875;2183;1269;1620;1250;1837;2143;1225;950;721;1680;750;1520;1412
29/08/2015;817;5901;2867;1632;1195;6000;1723;2053;3088;2846;1299;5750;2499;1184;1688;1250;1845;1980;1152;952;739;1840;775;1520;1492
05/09/2015;930;6000;2540;1518;1032;6750;1723;2013;3787;2310;1333;5875;3048;1440;1672;1250;2100;2104;1050;950;775;1973;750;1720;1664
12/09/2015;975;6000;2400;1400;1172;6408;1723;2013;3400;2198;1214;5177;3141;1173;2144;1250;2350;2614;988;952;742;2053;740;1773;1565
19/09/2015;985;5792;2420;1360;1011;5969;1853;2040;3224;1811;1147;5000;2597;1320;2330;1305;2383;2438;949;952;713;2387;735;1592;1488
26/09/2015;994;5740;2400;1298;1148;5146;1773;2013;2913;1785;1307;4771;1826;1403;2280;1298;2581;2320;970;873;735;2489;720;1516;1491
03/10/2015;1000;5729;2857;1350;977;4573;1776;1987;2869;1448;1336;4240;2085;1411;2476;1247;2617;2540;1038;850;795;2293;899;1445;1548
10/10/2015;1058;5724;2533;1455;1220;9679;1773;1973;2077;1327;1292;4896;1955;1325;2727;1245;2619;2780;1052;877;819;2427;1000;1560;1484
17/10/2015;1019;5646;2600;1566;1203;10000;1773;1987;2479;1419;1167;4000;2158;1410;3199;1257;2546;3013;1048;879;786;2382;1000;1633;1509
24/10/2015;1071;5500;2800;1388;1227;10000;1773;1987;2733;1464;1167;4000;2141;1400;3109;1244;2605;2637;1013;874;814;2400;1023;1585;1577
31/10/2015;1156;5500;3080;1450;1250;7854;1773;1987;2867;1357;1033;4000;1974;1320;2841;1250;2580;2883;1000;875;775;2400;1010;1520;1563
07/11/2015;1179;5500;3400;1506;960;7500;1787;2053;2894;1316;1012;4000;1920;1148;3040;1250;2690;2805;1000;876;778;2507;1000;1520;1595
14/11/2015;1253;5500;2933;1385;1239;7000;1733;2053;2839;1423;983;4000;1886;800;2625;1248;2677;2618;1040;819;754;2293;1000;1631;1513
21/11/2015;1354;5500;2977;1253;1019;6250;1747;2053;2993;1319;918;4000;1822;610;2618;1250;2630;2770;1025;856;742;2276;1000;1697;1372
28/11/2015;1350;5500;3064;1100;1146;6031;1776;2053;3100;1375;977;4000;1781;650;2727;1321;3334;2266;1308;741;769;2364;1100;1675;1233
05/12/2015;1352;5500;3200;1507;1305;5250;1749;2067;3040;1198;1033;4000;1637;687;2652;1367;3344;2189;1483;834;862;2400;1225;1920;1208
12/12/2015;1302;6375;3203;1300;1071;4000;1776;2047;2477;835;1000;4750;1236;690;2645;1366;3432;2170;1506;1071;854;2293;1300;1973;1245
19/12/2015;1185;6775;3100;1533;1105;4000;1776;2053;2200;1250;969;5139;1172;733;3365;1289;3466;2356;1369;1211;773;2400;1250;1973;1243
26/12/2015;1203;6878;3850;1800;1406;5000;1760;1948;1933;1567;1049;5861;1522;896;3337;1233;3636;2191;1357;1197;833;1520;1367;2262;1344
27/12/2015;650;3500;2950;500;1221;5431;1653;1920;1675;638;1306;6167;3484;560;1619;1167;2040;1800;1367;675;743;760;1233;1304;1071
02/01/2016;1182;6883;3033;2132;1152;3833;1776;2048;2600;1292;1067;4472;1054;1131;2730;1250;4000;2533;1372;1088;812;3280;1525;2240;1465
09/01/2016;1004;6971;2533;1780;1094;5604;1787;2035;2400;1652;990;4000;1251;1008;3272;1275;3885;2932;1375;998;815;2720;1600;1945;1250
16/01/2016;946;7425;2214;1600;1188;5563;1787;2013;2629;2833;1000;4000;1240;871;3175;1248;3900;3400;1346;910;812;3147;1600;1697;1286
23/01/2016;879;7500;2172;1800;1071;6000;1840;2107;2289;2446;1064;4000;1447;1102;2088;1244;3850;2687;1363;900;731;3053;1675;1520;1225
30/01/2016;800;7500;2620;1900;1133;5500;1840;2120;2939;2133;1172;4000;1381;1091;1454;1248;4094;2770;1350;900;764;3080;1750;1328;1203
06/02/2016;775;7500;2867;1748;1185;7200;1816;2067;2913;2250;1227;4000;1384;1210;1011;1248;4150;2853;1361;873;715;3110;1700;1412;1190
12/02/2016;800;7500;3133;1700;1105;10000;1773;2051;3067;2490;1200;4000;1466;1204;898;1348;3800;2859;1460;809;686;3080;1650;1312;1140
20/02/2016;710;7873;3419;1657;938;9000;1780;2020;3256;2677;1181;4073;1233;1120;728;1352;3846;2764;1396;777;657;2680;1733;1532;1193
27/02/2016;700;7921;3933;1685;977;8400;1780;2020;3783;3392;1437;4000;1304;1101;855;1444;3667;3244;1444;800;669;3093;1700;1530;1169
05/03/2016;700;7773;4550;1671;938;12286;1781;2027;4013;3569;1868;4000;2190;1112;801;1442;3579;3523;1431;1007;744;3387;1700;1440;1182
12/03/2016;700;7825;4400;1865;889;10000;1747;2051;3761;2613;1674;4250;2343;1280;692;1440;3329;3289;1442;1190;722;3413;1700;1408;1190
19/03/2016;700;8236;5200;2033;1037;6667;1776;2051;3840;1564;1553;5111;2694;1333;879;1444;3200;3360;1439;1200;718;3520;1700;1487;1195
26/03/2016;700;8361;6489;2400;859;7000;1776;2131;3239;950;1713;4667;2089;1280;813;1440;3689;4200;1442;1061;724;3680;1700;1411;1207
02/04/2016;700;8278;6253;2400;999;6250;1776;2013;3571;1478;1550;4500;2839;1180;1191;1442;3825;4770;1392;1048;696;3480;1675;1572;1225
09/04/2016;700;8379;6600;2208;1032;5500;1776;2013;3389;2156;1938;4000;3250;1112;1364;1402;4028;5100;1294;1062;667;3840;1700;1840;1255
16/04/2016;725;8000;6667;2185;1245;8500;1784;2013;3411;1964;2427;4000;3639;907;1364;1388;4038;5650;1121;1031;667;3504;1625;1600;1231
23/04/2016;800;8000;7106;2175;1149;9333;1784;2013;3600;1077;1892;4500;3196;680;1392;1400;4028;5400;1021;1000;662;3520;1700;1600;1156
30/04/2016;850;7500;7800;2800;1406;12000;1784;2013;3800;913;1667;6000;3599;640;1849;1400;4350;4550;990;957;658;3947;;1720;1250
07/05/2016;900;7500;7883;2550;1149;15146;1784;2013;3600;850;1792;6000;3979;640;1761;1400;4288;3950;1000;1022;685;3940;;1940;1173
14/05/2016;900;7800;8033;2840;1602;11500;1773;2027;3733;875;1733;8000;4000;600;1444;1400;4183;3500;1000;1046;693;3560;1700;1800;1128
21/05/2016;950;8375;7233;2906;1566;9500;1780;2027;3988;695;1208;10500;3693;480;1304;1400;4233;3150;1179;1000;688;3680;1956;1800;1104
28/05/2016;1050;8500;5867;3350;2028;5750;1780;2027;3221;780;1156;12000;3146;520;1902;1400;4283;3220;1365;935;656;3960;1900;1680;1280
04/06/2016;1100;9500;4928;3263;2327;6000;1840;2027;2400;1160;1146;11708;3422;480;2959;1400;4258;3690;1629;953;693;4107;1900;1800;1248
11/06/2016;1033;10472;3142;3153;2470;4000;1776;2027;2000;750;1014;10000;3139;480;3049;1400;4106;3110;1575;985;668;3893;1867;1760;1207
18/06/2016;950;11000;2950;2900;2695;4000;1753;2013;1875;600;1000;10500;3552;480;3234;1400;4575;2920;1440;928;636;3800;1867;2057;1203
24/06/2016;900;10250;3440;2450;2340;5000;1753;2013;1800;588;1000;10500;2688;487;3409;1431;3842;3110;1442;929;667;3573;1780;2360;1101
02/07/2016;825;10000;4000;2750;2853;6354;1753;2013;2167;748;1111;10667;2755;440;3442;1431;4000;2870;1440;900;680;3360;1900;2080;1190
09/07/2016;800;9302;3933;2850;3239;5854;1753;2013;2221;975;1392;12500;3031;800;3007;1498;4242;2588;1502;956;686;3616;2000;2000;1190
16/07/2016;725;10563;3600;2600;2409;5250;1849;2147;1929;1233;1537;13000;2667;480;2813;1600;3742;2478;1640;970;693;3680;1900;1770;1238
23/07/2016;800;8698;1900;1744;2031;7250;1849;2147;1675;1023;983;8000;1917;480;2391;1879;3058;2800;1560;945;680;3253;1600;2273;1143
30/07/2016;700;8250;1883;1454;1738;6500;1849;2147;1479;992;833;8500;1790;580;2438;1660;3342;2580;1669;900;680;2987;1563;2377;1166
06/08/2016;600;8240;1600;1077;1413;4667;1849;2147;1550;975;833;7500;2046;560;1307;1656;2942;2219;1963;900;766;2347;1350;2440;1131
13/08/2016;600;8615;1600;788;1208;5389;1849;2147;1913;975;833;8000;1885;540;937;1656;2867;2015;2254;925;763;2373;1250;2320;1101
20/08/2016;500;8750;1600;775;1105;8625;1849;2147;2000;1073;833;7500;1702;602;966;1660;3068;1915;2440;1000;768;2107;1125;2320;1071
27/08/2016;500;8625;1533;625;993;8000;1848;2147;2125;1245;833;7000;1515;640;1068;1698;3083;1880;2415;1140;747;1867;1000;2320;1059
03/09/2016;500;8500;1600;600;1078;6750;1848;2147;2261;1881;789;5500;1604;640;1357;1692;3094;2270;2240;1090;753;1813;1000;2280;1116
10/09/2016;500;8500;1467;600;902;6250;1907;2177;2175;1813;753;4000;1646;640;1206;1658;3094;1925;2119;1010;733;1840;900;2430;1128
17/09/2016;500;8500;1761;525;895;6500;1907;2177;2300;1646;747;4000;1802;640;1091;1652;2989;1928;1900;957;767;1835;1000;2400;1131
24/09/2016;500;8500;1636;475;848;7750;1933;2032;2371;1422;667;4000;2007;440;991;1685;2944;1803;1527;951;775;2049;1000;2448;1057
01/10/2016;422;8625;2206;550;769;5750;1933;2032;2400;1719;792;6000;1900;460;1162;1700;2833;2233;1248;930;767;1941;1000;2220;1131
08/10/2016;423;9000;1872;500;702;7000;1931;2024;2400;2151;851;6000;1723;480;1201;1671;2733;1993;1158;899;774;1711;900;2053;1084
15/10/2016;425;9000;2106;450;710;7250;1931;2024;2375;2083;917;6000;1801;560;1282;1660;2516;2207;1029;911;693;1787;950;1990;1074
22/10/2016;431;9000;2267;386;598;6250;1931;2029;2300;1474;1000;5500;1735;520;1135;1660;2578;2131;1025;784;693;1560;900;1873;1009
29/10/2016;423;9000;2661;454;625;5104;1931;2029;2421;1500;1000;5646;1767;480;1374;1681;2223;2433;1119;784;654;1676;900;1533;1042
05/11/2016;463;9000;3067;475;570;8952;1931;2029;2321;1688;1000;5750;1763;488;1657;1658;2506;2400;1200;810;803;1707;900;1526;1042
12/11/2016;500;9000;3533;490;561;10625;1931;2029;1813;1416;1000;5458;1631;480;1439;1660;2438;2120;1181;770;576;1600;900;1543;923
19/11/2016;488;9125;3628;434;542;8750;1931;2245;1646;1465;1036;5250;1717;440;1597;1660;2339;1920;1069;760;689;1493;900;1335;923
26/11/2016;500;9500;3800;400;813;6000;1931;2245;1800;1783;1028;5833;1879;400;1711;1661;2400;2200;1067;783;535;1600;900;1302;913
03/12/2016;500;9500;3828;542;860;6357;1931;2245;2000;2313;1217;6000;2790;460;2282;1660;2288;2354;1060;760;566;1547;900;1432;995
10/12/2016;500;9500;3794;566;977;5708;1957;2265;2333;1974;1196;6000;2676;437;1982;1646;1942;2133;1315;750;576;1471;900;1310;935
17/12/2016;579;9500;4361;606;1419;7500;1944;2272;2279;1828;1359;6500;3195;468;2285;1654;2006;2207;1292;750;522;1398;900;1243;923
24/12/2016;535;9500;4289;813;1357;5271;1944;2264;1856;1219;1352;6604;3453;525;1742;1675;2335;2028;1243;761;572;1528;888;1160;1112
07/01/2017;542;9281;3542;1260;1633;4604;1957;2264;1725;1831;1264;5500;3271;538;2363;1613;2519;2363;1248;1001;596;1707;875;1235;960
14/01/2017;567;9177;3400;1356;1712;4286;1971;2264;2133;2792;1159;5250;3615;480;2945;1596;2607;2337;1325;994;535;1472;800;1432;918
21/01/2017;539;9229;3600;1375;1569;5563;1944;2220;2085;2378;1097;5000;4104;481;2945;1654;2526;2473;1350;969;510;1394;900;1212;883
28/01/2017;523;8885;4056;1496;1393;5437;1944;2240;1989;2016;1148;4750;3542;480;2808;1654;2585;2740;1575;938;520;1280;900;1182;890
04/02/2017;525;8792;3894;1656;1613;8000;1947;2164;1979;2224;1392;4604;3250;560;2273;1675;2800;2587;1650;938;528;1392;900;1205;880
11/02/2017;567;9208;3467;1900;1449;6062;1947;2164;1888;1359;1205;4542;2240;622;1445;1850;2813;2300;1600;969;501;1273;900;1103;833
18/02/2017;590;9208;3211;1800;1729;5271;1907;2089;1917;1119;1214;4542;1625;603;1813;1850;2800;2620;1475;1000;583;1184;900;1078;875
25/02/2017;600;9240;3094;2379;1743;3969;1907;2089;2227;1239;1056;3750;1976;677;2107;1850;3065;2435;1348;1100;555;1213;900;1012;791
04/03/2017;779;9229;3161;2250;1755;5458;1907;2097;2181;1616;1039;3458;2056;548;2794;1775;2900;2836;1400;1006;619;982;975;1157;781
11/03/2017;923;9271;3153;2185;1566;5479;1907;2097;1904;1433;931;3458;2270;435;2038;1750;2933;3139;1394;975;656;1167;1000;1077;769
18/03/2017;1000;9245;2853;2010;1683;7208;1907;2097;2206;1164;957;3333;2261;437;1686;1748;2800;3311;1375;875;648;1089;1000;1202;744
25/03/2017;871;9229;2544;2110;1523;8000;1933;2084;2239;1202;1117;2308;2311;442;1487;1750;2755;3394;1350;794;700;1184;1000;1223;781
01/04/2017;854;9531;2989;2085;1650;8729;1933;2084;2558;1438;1134;2225;2317;410;1629;1750;2460;3083;1238;800;663;964;1000;1230;766
08/04/2017;847;9847;3508;2181;1697;10400;1880;2084;2206;1050;1231;3842;2001;427;1065;1750;2433;2468;1200;800;656;1077;1000;1040;734
13/04/2017;852;10000;3700;3125;1621;8083;1893;1984;2596;875;1125;3688;1933;464;1161;1925;2521;2757;1244;867;608;1158;1070;1042;935
22/04/2017;940;10125;3817;2813;1325;4354;1893;2084;2550;847;1035;3688;1686;448;1557;1925;2205;2606;1238;800;521;1036;1100;992;761
29/04/2017;1000;11000;3839;2921;1673;3896;1893;2084;2572;1411;1071;3675;1547;640;1984;1913;2218;2690;1231;800;483;1093;1100;1080;756
06/05/2017;1000;11000;3961;3031;1286;4146;1893;2035;3140;944;983;3675;1700;640;2098;1788;2585;3300;1313;894;492;1002;1100;1035;806
13/05/2017;873;11000;3600;2875;1247;11000;1907;2084;2238;1013;1003;3650;1651;548;2057;1813;2563;3605;1331;1081;473;1003;1050;1080;771
20/05/2017;927;10802;3840;2185;1325;14567;1933;2084;2058;1221;1240;4850;1404;650;1719;1775;2340;3495;1325;1069;473;907;1100;1073;823
27/05/2017;900;10740;4353;2360;1292;14750;1933;2100;1829;1267;1278;6000;1262;900;1273;1738;2378;3215;1269;1050;471;993;1100;1040;759
03/06/2017;979;9979;5040;2248;1442;10750;1933;2067;2146;1278;1271;6000;1339;1070;1295;1700;2163;2770;1438;1050;467;873;1100;1239;761
10/06/2017;1050;9719;4672;1990;1452;7708;1933;2133;2188;923;1144;6000;1181;1089;1459;1700;2306;2780;1500;956;498;947;1050;1152;769
17/06/2017;971;9240;4960;1604;1657;7354;1933;2133;2561;1326;1102;6000;1665;1120;2313;1625;2400;2718;1331;906;473;1002;1000;1176;789
24/06/2017;946;8750;4806;1238;1715;8500;1933;2133;2439;1976;1108;6000;1846;940;1813;1625;2543;2510;1250;888;465;920;1000;1118;800
01/07/2017;944;8375;5249;1490;1702;10604;1973;2000;2446;2375;1118;6000;2884;833;1545;1738;2728;2580;1300;850;460;949;948;1042;779
08/07/2017;946;7760;5067;1727;1842;10438;2000;2083;1622;2161;1174;8146;2558;838;1131;1800;2605;2400;1453;850;475;893;944;1050;769
15/07/2017;948;6854;5100;1540;1852;6854;2000;2083;1804;1453;1141;8427;1897;958;1192;1638;2520;2160;1475;925;475;816;954;1032;775
22/07/2017;946;6125;4822;1354;2035;4854;2037;2083;1700;1150;1080;8521;1605;820;1342;1600;2423;2078;1550;950;565;853;933;1043;747
29/07/2017;942;5740;5327;1500;2230;5354;2011;2083;2000;1303;958;8563;1689;920;1428;1619;2493;2095;1500;950;633;907;925;1143;804
05/08/2017;944;5740;5167;1450;2165;7021;2011;2083;2208;1217;920;7500;1713;840;1376;1631;2698;2353;1450;1063;733;782;900;1220;821
12/08/2017;946;5490;4200;1360;2230;5771;2011;2083;2054;946;927;7479;1329;713;1471;1613;2555;2365;1375;1100;633;769;900;1110;764
19/08/2017;823;5240;3756;1338;2327;4833;2011;2083;2263;755;924;6771;1310;700;1432;1650;2728;2250;1350;1100;654;762;900;1080;804
26/08/2017;877;5229;3333;1254;2054;4000;2011;2083;1961;1542;927;5146;1056;640;1196;1650;2818;2220;1250;1100;567;733;900;1040;797
02/09/2017;788;5271;3678;1356;2288;6833;1933;2084;2813;1792;1000;6000;1206;628;1377;1650;2945;2193;1263;1125;627;762;964;1322;773
09/09/2017;700;5000;2758;1344;1895;7500;1933;2084;2111;1253;931;6000;1336;721;1182;1613;2819;2145;1400;1100;625;744;980;1332;759
16/09/2017;775;5000;2467;1250;2135;7500;1933;2084;2306;1534;920;6000;1205;679;1097;1544;2860;2363;1450;1050;671;671;965;1248;759
23/09/2017;725;5000;2400;1148;1839;7125;1933;2084;2279;1748;917;8000;1511;702;973;1513;2739;2170;1475;913;717;656;960;1360;774
30/09/2017;700;4927;2480;1190;1803;7250;1933;2084;2279;1974;931;7500;1668;640;1125;1600;2777;2170;1394;850;683;682;990;1400;759
07/10/2017;800;4552;1600;1260;1351;7875;1933;2071;1925;1779;931;5500;1529;577;1167;1594;2765;2065;1300;850;650;707;990;1315;776
14/10/2017;800;4765;1844;1200;1348;5500;1933;2084;1875;1395;927;5500;1784;577;1269;1600;2500;1963;1250;850;677;709;1000;1240;789
21/10/2017;800;4971;1633;1115;930;4200;1920;2080;2039;1069;931;6000;1871;540;1065;1650;2550;1900;1250;850;692;624;970;1230;732
28/10/2017;725;5000;1558;1100;803;2313;1920;2080;2067;1625;924;6000;2444;528;1513;1575;2523;2145;1250;850;700;808;990;1238;714
04/11/2017;700;4865;1894;1496;831;2875;1920;2080;1897;1696;941;6000;2848;523;1875;1644;2520;2355;1250;850;738;778;1175;1175;813
11/11/2017;700;4729;1453;1400;801;4000;1920;2080;1794;1318;924;6000;2786;492;1295;1650;2488;2223;1300;850;650;747;1243;1238;786
18/11/2017;700;4729;1506;1400;664;6542;1920;2080;2078;1409;924;7500;2296;480;1131;1650;2415;2085;1250;850;650;778;1400;1182;816
25/11/2017;700;4729;1600;1225;788;6500;1933;2080;1828;1855;1009;8000;1954;512;1267;1631;2325;2070;1250;850;650;682;1350;1260;784
02/12/2017;700;4736;1839;1314;745;6333;1920;2080;2061;1583;1060;8000;1917;480;1455;1575;2250;2370;1250;800;617;787;1400;1213;870
09/12/2017;700;4875;1867;1640;801;6229;1920;2080;2146;920;1083;6500;2216;480;1213;1622;2293;2125;1250;813;617;733;1450;1368;796
16/12/2017;663;5198;1894;1388;988;5750;1920;2080;2296;1150;1292;7000;2683;420;1670;1625;2025;1965;1150;878;575;731;1394;1384;866
23/12/2017;638;5771;1971;1460;1364;5396;1920;2067;2125;1581;1625;9000;3194;640;1790;1600;2100;1900;1150;850;613;1040;1400;1460;908
31/12/2017;576;9469;3819;927;1836;5000;1957;2264;1550;1434;1408;6000;3799;592;1899;1623;2500;2193;1246;825;597;1755;848;1320;1089
